Source_Page,Table_Number,0,1,2,3,4,5,6,7,8,9,10
156,1,ECONOMIC TRANSFORMATION AND JOB CREATION,,,,,,,,,,
156,1,Objective: To become an industrialised and diversified district by 2033,,,,,,,,,,
156,1,Strategies,Programmes,Sub Program,Location,YR 1,YR 2,YR 3,YR 4,YR 5,Responsible,
156,1,"Improve 
Agricultural 
Production and 
Productivity","a)Infrastructure 
Development","Construction of 13 staff houses for 
agricultural extension officers (2 for block 
officers and 11 for camp officers)","Chankumba and Chisamba blocks 
  
Kanakantapa, Ploughman 
B,Chisamba 
central,Lwamabwe,Lukoshi,Lombwa,N
alufwi,Mulungushi 
Agro,Mwapula,Kasosolo and 
Mwantaya",,3,3,3,4,MOA,
156,1,,,"Rehabilitation of  12 camp houses for 
agricultural extension officers","Ploughmans 
B,Chowa,Bombwe,Chikokomene,Lifwa
mbula/3,Muswishi/4 and Chipembi",,3,3,3,3,MOA,
156,1,,,"Construction of  7 Veterinary camp 
houses",All veterinary camps,,1,2,2,2,MFL,
156,1,,,"Rehabilitation of 5 veterinary camp 
houses","2 Lifwambula, 2 Chipembi, 1 
Chisamba central",,2,1,1,1,MFL,
156,1,,,"Construction of 2 livestock service 
centers","Chisamba central and Muswishi 
camps",,1,,1,,MFL,
157,2,,,"Construction of Animal Health 
Infrastructure( 16 Dip tanks)","3 Chisamba Central, 3 chisamba 
west,  4 lifwambula, 3 muswishi,3 
chipembi",,4,4,4,4,MFL,
157,2,,,"Construction of 1 livestock breeding 
center",Muswishi camp,,,1,,,MFL,
157,2,,,"Construction of 1 Livestock market 
center","Chisamba west camp-John chinena 
area",,1,,,,MLF,
157,2,,,Construction of 2 Slaughter facilities,"Chisamba west camp-John chinena 
area and Muswishi camp",,,1,,1,LA/MFL,
157,2,,,Construction of 3 storage sheds,"Kanakantapa, Nalufwi and Bombwe",,,1,1,1,MOA,
157,2,,,"Construction of a fingerling production 
centre",New chisamba,,,1,,,MFL,
157,2,,,"Construction of fish feed production 
centre",New chisamba,,,,,1,MFL,
157,2,,"b)Agricultural 
mechanisation","Increase access to mechanisation by 
farmers by linking farmers to partners 
such as equipment suppliers","All camps, including the 14 earmarked 
for creation",1,1,1,1,1,"MOA, 
PARTNERS",
157,2,,"c)Enhanced 
farmer support","Provision of Farmer Input Support to 
farmers under the FISP to 16416","All camps, including the 14 earmarked 
for creation","1641
6",16416,16416,16416,"1641
6",MOA,
157,2,,"e) Agribusiness 
development","Conduct 30 sensitization meetings on 
agricultural marketing system","Nalufwi, Chowa, Chisamba central, 
Lifwambula, Chisamba ranch and 
Kamano",6,6,6,6,6,MOA,
157,2,,,"Conduct 5 sensitization meetings to 
promote  Animal Identification 
registration-Brand Mark",All veterinary camps,5,,,,,MFL,
157,2,,,"Training of 1506 Livestock farmers in 
livestock farming as a business","Muswishi, Chipembi, Lifambula, 
Chisamba Central, Chisamba west",,556,500,450,,MFL,
157,2,,,"Training of 20 individual fish farmers and 
4 cooperatives in fish farming as a 
business",All wards,"4 
Coo
perat
ives","20 ind 
farmers",,,,MFL,
157,2,,,"Establishment of 3 value chains while 
strengthening existing ones","Momboshi, Chipembi, Chankumba 
and Muswishi camps",,1,1,1,,MOA/ MFL,
157,2,,,"Establishment of one Agro processing 
plant",Chankumba block,,,,1,,MOA,
157,2,,,Increase access to credit facilities,"All camps, including the 14 earmarked 
for creation",1,1,1,1,1,MOA,
158,3,,"f) Irrigation 
development",Construction of 3 dams,"Muswishi  block, Chisamba block, 
Chankumba",1,,1,,1,"MOA, MWDS",
158,3,,,Construction of 10 weirs,"Lukoshi,Kanakantapa and Nalufwi, 
Lwamabwe, Momboshi, Kaputi, 
Lifwambula, Chikonkomene, Muswishi, 
Mulungushi Agro",7,,1,1,1,"MOA, 
C/PARTNERS",
158,3,,"g) Fisheries and 
aquaculture 
development","Enhance the participation of youth 
groups in aquaculture by linking 3 
groups per year to CDF grants",,3,3,3,3,3,,
158,3,,,"Conduct 2 assessments of Fishery areas 
for breeding","Recommendation for assessment-
Moroboshi dam and Mulungushi Agro 
Dam",,1,1,,,MFL,
158,3,,"i) Livestock 
development","To enhance Animal disease prevention 
and control by vaccinating at least 
50,000 cattle against FMD yearly",All veterinary camps,"5000
0",50000,50000,50000,"5000
0",MFL,
158,3,,,"To enhance Animal disease prevention 
and control by vaccinating at least 2000 
calves against ECF yearly",All veterinary camps,2000,2000,2000,2000,2000,MFL,
158,3,,,"Conduct 5 sensitisation meetings to 
promote  Animal Identification 
registration-Brand Mark",All veterinary camps,5,,,,,MFL,
158,3,,"j) Extension 
services support","Increase the number of agricultural 
camps from the current 16 to 25 (Create 
9 more by subdividing the existing 
camps)","Subdivide Kanakantapa and 
Chipembi into 3 camps each, 
Muswishi, Chowa, Bombwe, 
Ploughmans B and Chikonkomene into 
2 camps each",9,,,,,MOA,
158,3,,,"Create 2 more camps to Increase the 
number of Veterinary camps from the 
current 5 to 7 (by subdividing the existing 
camps)","Subdivide Muswishi and Chipembi 
camps into 2 each",,2,,,,MFL,
158,3,,,"Increase the number of extension 
workers in the camps by employing 6 
agricultural extension staff in addition to 
the current 19","All camps, including the 9 earmarked 
for creation",,2,2,2,,MOA,
158,3,,,"Employ 18 more extension staff under 
fisheries and livestock (8 VAs & 10 LAs)","All camps,",2,4,4,4,4,MFL,
158,3,,,"Procurement of 35 motorbikes for 
agricultural and veterinary camp officers",All camps (Vet and Agric),,5,10,10,10,MOA/ MFL,
158,3,,,"Training of 5, 000 farmers in Climate 
Smart Agriculture","All camps, including the 9 earmarked 
for creation","1,000","1,000","1,000","1,000","1,000",MOA,
159,4,,"k) Early warning 
and surveillance 
systems","Conduct 1 crop monitoring survey each 
year from November to May annually","All camps, including the 9 earmarked 
for creation",1,1,1,1,1,MOA,
159,4,"Chisamba shall 
promote 
Traditional and 
Non-Traditional 
minerals","Mineral and 
petroleum 
Exploration and 
exploitation","Hold 2 investment attracting campaigns 
per year",National and provincial shows,2,2,2,2,2,"Ministry of 
Mines and 
Minerals 
Developmen
t/ MSME/ 
District 
Admin, 
Council",
159,4,,"Artisanal and 
small-scale 
mining 
development","Hold 6 sensitisation campaigns per year 
to promote the creation of  mining 
Cooperatives","All mining locations in the District 
(Kamano, Chamuka and Mwantaya, 
Mulungushi and Chikonkomene wards)",6,6,6,6,6,"Ministry of 
Mines and 
Minerals 
Developmen
t/ MSME/ 
District 
Admin, 
Council",
159,4,,"Proportion of 
Cooperatives 
linked to mining 
value chains","Link all (100%) mining cooperatives to 
mining value chains","All mining locations in the District 
(Kamano, Chamuka and Mwantaya, 
Mulungushi and Chikonkomene wards)",,100%,100%,100%,100%,"Ministry of 
Mines and 
Minerals 
Developmen
t/ MSME/ 
District 
Admin, 
Council",
159,4,"Chisamba will 
promote value 
addition and 
manufacturing","Capacity 
building","Conduct training of 4800 farmers yearly 
on post harvest handling losses /crop 
quality improvement","Chowa, Kanakantapa, Muswishi, 
Chikonkomene and Chipembi camps",4800,4800,4800,4800,4800,MOA,
159,4,,,Training of 1000 farmers in packaging,"Nalufwi, Momboshi, Lwamabwe, 
Chankumba and Chowa",200,200,200,200,200,"MCTI, MOA 
MFL",
159,4,,,"Training of 1,000 farmers in processing","Nalufwi, Momboshi, Lwamabwe, 
Chankumba and Chowa",200,200,200,200,200,"MCTI, MOA, 
MFL/MSME",
159,4,,Market linkages,"Enhancement of 10 market linkages for  
Cooperatives","All camps, including the 9 earmarked 
for creation",2,2,2,2,2,"MCTI, MOA 
MFL/ MSME",
159,4,,,"Linking 15 livestock cooperatives to 
market",All camps,,3,4,4,4,MFL/ MSME,
159,4,,,Linking four fish cooperatives to markets,"Lifwamba  camp,chisamba 
camp,chipembi camp",,2,2,,,MFL/ MSME,
160,5,"Chisamba shall 
promote tourism 
growth","Tourism related 
infrastructure 
developed, 
rehabilitated 
and maintained",,"1 heritage site in chikonkomene 
(Kalwelwe Hills) developed",Kalwelwe hills,,,,1,,"Ministry of 
tourism and 
arts"
160,5,,,,"1 private lodge at the New Boma 
developed",New Chisamba,,,,,1,"Ministry of 
tourism and 
arts"
160,5,,,,"1  new Cultural Villages constructed at 
the new Boma",New Chisamba,,,,,1,"Ministry of 
tourism and 
arts"
160,5,"Chisamba will 
enhance 
generation, 
transmission and 
distribution of 
electricity","Green and 
renewable 
plants set up",,3 solar plants set up,"1 at Fig Tree substation, 1 in 
chikonkomene ward and Mulungushi",1,2,,,,"ZESCO/Partn
ers"
160,5,"Chisamba 
enhance 
management 
and productive 
use of water 
resources",Water harvesting,,Rehabilitate 7 dams,"Lifwambula, Mutenga, Chikonkoto, 
Mupamapamo, Mponge, Mutambwa, 
Kaputi",,,,,,
160,5,,,,Drill 6 exploratory boreholes in 6 wards,"Liteta, Chisamba, Chamuka, 
Mulungushi, Muswishi, Mutenga",,,,,,
160,5,"Chisamba will 
enhance digital 
capacity","ICT Infrastructure 
Development",,"All 12 wards to have complete network 
coverage from one or more service 
providers",All 12 wards,2,3,2,3,2,"Network 
service 
provider, 
District 
Administratio
n, National 
Assembly, 
Council"
160,5,Objective 2: To enhance citizen participation in the economy by 2033,,,,,,,,,,
160,5,"Chisamba will promote 
local participation in the 
economy",,"Women, 
Youth 
and PWD 
Empower
ment","100 local businesses with loans under 
CDF",All 12 wards,20,20,20,20,20,"Council, 
WDCs, 
CDFC, 
Financial 
institution 
(ZANACO)"
161,6,,,"Empower 350 women, youth and 
community  groups with grants under 
CDF",All wards,70,70,70,70,70,"Council, 
Selected 
members of 
the technical 
committee, 
WDCs, CDFC",
161,6,,,100% tenders to be awarded to locals,All wards,100%,100%,100%,100%,100%,"Council, 
CDFC, WDCs",
161,6,"Chisamba will promote 
enterprise development","Business 
Develop
ment 
Services 
Provision","Train 100 loan beneficiaries with financial 
management knowledge",All wards,20,20,20,20,20,"Council, 
WDCs, 
CDFC, 
Financial 
institution 
(ZANACO)",
161,6,"Chisamba will promote 
financial inclusion","Rural 
Financial 
Access 
Enhance
d","Lobby once every year for the 
construction of banks at the CDB",CBD,1,1,1,1,1,"District 
Administratio
n, National 
Assembly, 
Council",
161,6,"Chisamba will promote 
quality and productivity 
in all sectors","Decent 
work",Conduct 100 labour inspections,All wards,20,20,20,20,20,MLSS,
161,6,,,"Ensure that 100% of the establishments 
are compliant to minimum wage 
legislation",All wards,84%,88%,92%,96%,100%,MLSS,
161,6,,,"Ensure that 100% of the  establishments 
are with attested employment contracts",All wards,90%,92%,94%,96%,100%,MLSS,
161,6,,,"Ensure that 100% of the establishments  
have approved collective agreements",All wards,100%,100%,100%,100%,100%,MLSS,
161,6,,,"Ensure that 100% of the establishments 
have Trade Union Legislation",All wards,100%,100%,100%,100%,100%,MLSS,
161,6,,,Conduct 100 OSH Inspections,All wards,20,20,20,20,20,MLSS,
161,6,,,"Ensure that 100% of the factories 
compliant to Occupational Safety and 
Health Hygiene",All wards,84%,88%,92%,96%,100%,MLSS,
161,6,HUMAN AND SOCIAL DEVELOPMENT,,,,,,,,,,
161,6,"OBJECTIVE: Enhanced access to quality, equitable and inclusive education to 100% by 2034",,,,,,,,,,
161,6,,,,,TARGET YEARS,,,,,,
161,6,Strategies,"Program
mes",Sub Program,Location,YR 1,YR 2,YR 3,YR 4,YR 5,Responsible,
162,7,"Enhance access to 
quality, equitable and 
inclusive education","Infrastruc
ture 
develop
ment","Construction of 12 (1X3 CRBs) across all 
the 12 wards",All wards,0,4,4,4,4,"DEB OFFICE/ 
council",
162,7,,,"Constructing and equipping 5 science 
laboratories in the 5 zones","1. Chisamba Sec 
2. Kabanga 
3. Kampekete 
4. Chowa 
5. Mupelekese",0,0,1,2,2,"MOE/ DEB 
OFFICE/ 
COUNCIL/ 
DEPT OF 
INFRASTRUCT
URE",
162,7,,,"Constructing 5 ICT laboratories and 
equipping them","1. Chisamba Sec 
2. Kabanga 
3. Kampekete 
4. Chowa 
5. Mupelekese",0,0,1,2,2,"MOE/ DEB 
OFFICE/ 
COUNCIL/ 
DEPT OF 
INFRASTRUCT
URE",
162,7,,,"Constructing 24 Staff houses  in all the 10 
zones by 2033","1. Bombwe 
2. Mupelekese 
3. Kabanga 
4. Kampekete 
5. Mututu 
6. Momboshi 
7. Chowa 
8. Liteta 
9. Chipembi 
10. Chisamba Sec",,,,,,"COUNCIL/ 
MOE/ 
PARTNERS",
162,7,,,"Procure 5500 desks for all schools in the 
district",All government schools,5500,,,,,"Council/ DEB 
OFFICE",
162,7,,,"Upgrade 2 primary schools to secondary 
schools","Mupelekese and Mututu upgraded to 
Secondary schools",,,1,1,,"COUNCIL/ 
MOE/ 
PARTNERS",
162,7,,,"Upgrade 4 community schools to 
primary schools","4 community schools upgraded  into 
primary schools (Miyanda, Kalonga,  
Miswa,  and Luyando)",0,1,1,1,1,"COUNCIL/ 
MOE/ 
PARTNERS",
162,7,,,"Construction of one (01) District 
Resource center with an Examination 
Strong Rooms",Current DEB Office,,1,,,,DEB OFFICE,
163,8,,,"Construction of 5 units for learners with 
Special Education Needs within existing 
schools in 5 zones","(Momboshi, Chisamba, Kabanga, 
Mupelekese and Liteta zones)",,,1,2,2,DEB OFFICE,
163,8,,,"Construction of 45  ablution blocks in the 
10 zones",All zones,3,10,10,10,12,"COUNCIL/ 
MWDS/ 
PARTNERS",
163,8,,"Human 
Resource 
Develop
ment","Lobby for the deployment of more 
secondary School teachers",All government Schools,1,1,1,1,1,MOE,
163,8,,,"Lobby for the deployment of more 
primary School teachers",All government Schools,1,1,1,1,1,MOE,
163,8,,"Adult 
Literacy","Enrolment of 200 Learners in the YALE 
centres",All Yale Centres,,50,50,50,50,MOE,
163,8,,"Curriculu
m 
Review","Capacity to develop 500 locally made 
materials increased",All school,100,100,100,100,100,DEB OFFICE,
163,8,,"Menstrua
l Hygiene 
Manage
ment   
(MHM)","Support 3000 girls with menstrual hygiene 
materials",All School implementing (MHM),,750,750,750,750,MOE/MOH,
163,8,"Improve Technical, 
Vocational and 
entrepreneurship","Technica
l 
Educatio
n 
Vocation
al and 
Entrepre
neurship 
Training","Award bursaries to 1750 youths to pursue 
skills courses",All wards,350,350,350,350,350,council,
163,8,"Enhance science, 
technology and 
innovation","Partnersh
ip 
promotio
n","40 teachers to attend expert training in 
Science and technology",All Secondary Schools,8,8,8,8,8,MOE,
163,8,,"Digital 
skills 
develop
ment","Construct 1 centre of Excellence- 
Primary School",Chisamba Primary School,1,,,,,ZICTA/MOE,
164,9,,"Digital 
skills 
develop
ment","Construct 1 centre of Excellence- 
secondary School",Chisamba Boarding Technical,,1,,,,ZICTA/MOE,
164,9,"DEVELOPMENT OUTCOME 2: IMPROVED HEALTH, FOOD AND NUTRITION",,,,,,,,,,
164,9,OBJECTIVE: To Strength Public Health to 100% by 2034,,,,TARGET YEARS,,,,,,
164,9,Strategies,"Program
mes",Sub Program,Location,YR 1,YR 2,YR 3,YR 4,YR 5,Responsible,
164,9,"The district will Strength 
Public Health","a) 
Disease 
preventio
n and 
control","Lobby/Mobilization of transport from 
other line ministries",All wards,1,1,1,1,1,"DHO/ 
council",
164,9,,,Establishing community radio station,1. Chisamba,0,1,,,,"MIC/COUNCI
L",
164,9,,,"Source from MOH/ partners for IEC 
materials",1. All the 12 wards /HFs,1,1,1,1,1,"MOH/PARTN
ERS/COUNCI
L",
164,9,,,Provide adequate diagnostic services,1. All the 12 wards /HFs,1,1,1,1,1,DHO/ MOH,
164,9,,,Clinical mentorship,1. All 26 HFs,1,1,1,1,1y,"DHO/MOH/P
ARTNJERS",
164,9,,"c) 
Maternal 
healthca
re","2.0 construction of 10 mother’s waiting 
shelters in 10 health posts","1.Kasosolo HP 2. Mupamopamo HP 3. 
Bombwe HP 4.mwantaya HP 
5.Kachele HP 6. Kaputi HP 7. Makeni 8. 
Chisamba Ranch 9. Nalufwi HP 10. 
Chowa Mphanga",2,2,2,2,2,"DHO/COUN
CIL",
164,9,,,"2.1.1 Purchase 24 reliable motorbikes for 
12 facilities ( 2 in each Facility)","1.chisamba RHC 2..Chipembi RHC 3. 
Malombe 4. Momboshi RHC 5.Muswishi  
6. Kanakantapa 7. kawama 8. 
Kasosolo 9. Mulungushi Agro 10. 
Bombwe 11. Lifwambula 12. Mwapula",6,6,6,6,,"DHO/COUN
CIL",
164,9,,,"2.1.2 Conduct 60 community 
sensitization meetings on Myths and 
misconceptions",All wards,12,12,12,12,12,"DHO/COUN
CIL",
165,10,,,"construction of 10 mother’s waiting 
shelters in 10 health posts","1. Kasosolo HP 2. Mupamopamo HP 3. 
Bombwe HP 4.mwantaya HP 
5.Kachele HP 6. Kaputi HP 7. Makeni 8. 
Chisamba Ranch 9. Nalufwi HP 10. 
Chowa Mphanga",2,2,2,2,2,"DHO/COUN
CIL",
165,10,,,"2.2.1 MOH to create 16 more positions 
for midwives and other health workers",All Health facilities,4,3,3,3,3,MOH,
165,10,,,"2.2.2. Build 1 maternity annex in all the 24 
health facilities","1. Liteta Hospital 2.chipembi 
3.Malombe 4.. Momboshi 5. Muswishi 
6.kanakantapa 7.Mulungushi Agro 8. 
Kasosolo 9. Lifwambula 10.  Kasosolo 
11.kawama 12.mwantaya 13. Kaputi, 
14. Luano 15. Chisamba Ranch 16. 
Kachele. 17. Makeni 18. 
Mupamapamo 19. Kaminembe 
20.Charles milundu 21. Nalufwi 22. 
Chowa Mphanga 23. Chisamba rhc24. 
Chikonkomene.",2,5,5,5,7,COUNCIL,
165,10,,,"2.3.0 Actualize domiciliary visits (by 
community)",All Health facilities,1,1,1,1,1,DHO/MOH,
165,10,,,"2.3.1 Standardise incentives for 
community-based volunteers",In all the wards,,,,,,MOF,
165,10,,"d) Child 
survival 
develop
ment","Orient 1 staff per facility in New Rota 
vaccines (the vaccines are now 
available) in all facilities",In all health facilities,20,21,22,23,24,"DHO/MOH/P
ATRNJERS",
165,10,,,Purchase of 7 utility vehicles,1. DHO (4) 2. Liteta hospital (3),,2,2,2,1,"DHO/COUN
CIL",
165,10,,,"construction of 10 mother’s waiting 
shelters in 10 health posts","1. Kasosolo HP 2. Mupamopamo HP 3. 
Bombwe HP 4.mwantaya HP 
5.Kachele HP 6. Kaputi HP 7. Makeni 8. 
Chisamba Ranch 9. Nalufwi HP 10. 
Chowa Mphanga",2,2,2,2,2,"DHO/COUN
CIL",
165,10,,,Procure 24  weighing scales,"1. Chisamba RHC 2.chipembi 
3.Malombe 4.. Momboshi 5. Muswishi 
6.kanakantapa 7.Mulungushi Agro 8.",4,5,5,5,5,"DHO/PARTNE
RS",
166,11,,,,"Kasosolo 9. Lifwambula 10.  Kasosolo 
11.kawama 12.mwantaya 13. Kaputi, 
14. Luano 15. Chisamba Ranch 16. 
Kachele . 17.Makeni 18. 
Mupamapamo 19. Kaminembe 
20.Charles milundu 21. Nalufwi 22. 
Chowa Mphanga 23. Liteta Hospital 
24. Chikonkomene.",,,,,,,
166,11,,,Ensure food security at household level,All Wards,"Annu
ally","Annual
ly","Annu
ally","Annu
ally","Ann
ually","District 
Admin/Coun
cil",
166,11,,,Promote cooking demonstrations.,All Wards,"Annu
ally","Annual
ly","Annu
ally","Annu
ally","Ann
ually","DHO/DEBO/P
ARTNERS/ 
AGRIC",
166,11,,,"Revamp back yard gardens in health 
facilities and schools by conducting 
meetings with stakeholders",In all health facilities and schools,"Annu
ally","Annual
ly","Annu
ally","Annu
ally","Ann
ually","DHO/ 
AGRIC/ 
PARTNERS",
166,11,,,Standardise stipends for CBVs,in all the wards,,1,,,,MOF,
166,11,,"f) 
Epidemic 
prepared
ness and 
control","Assemble and orient the staff in two 
facilities",1. Mupamopamo HP 2. Makeni HP,1,1,,,,"DHO/PARTNE
RS",
166,11,,,Orient staff in FETP in two facilities,1. Mupamopamo HP 2. Makeni HP,1,1,,,,"DHO/PARTNE
RS",
166,11,,"h) Health 
security 
and 
surveillan
ce","Lobby for improvement of network by 
service providers through the office of 
the area MP (minister)",1. Mwapula 2. mwantaya 3.kasosolo,,,,,,"COUNCIL/DIS
TRICT ADMIN",
167,12,"The District will increase 
access to quality Health 
Care by 2032","a) 
Infrastruc
ture 
develop
ment 
 s","construction of 5 health facilities to meet 
the target coverage(5km radius)","1.Nalufwi 2. Chowa Mphanga 3. 
monangombe 4. Kamano 5. 
Kaminembe",1,1,1,1,1,"COUNCIL/DH
O",
167,12,,,"construction of 30 staff housing units; 
(minimum of 3 to 5 per facilities)","1. M/Agro 2. kasosolo 3. Mwantaya 4. 
bombwe 5. makeni  6.Kaputi 7. Chowa 
Mphanga 8. Luano 9 . Nalufwi 10. 
Kaminembe",5,5,5,7,8,council/MOH,
167,12,,,"Construction of 1 maternity annex in all 
24 Health facilities","1.Liteta Hospital  2.chipembi 
3.Malombe 4.. Momboshi 5. Muswishi 
6.kanakantapa 7.Mulungushi Agro 8. 
Kasosolo 9. Lifwambula 10.  Kasosolo 
11.kawama 12.mwantaya 13. Kaputi, 
14. Luano 15. Chisamba Ranch 16. 
Kachele . 17.Makeni 18. 
Mupamapamo 19. Kaminembe 
20.Charles milundu 21. Nalufwi 22. 
Chowa Mphanga 23. Chisamba rhc24. 
Chikonkomene .",2,5,5,5,7,council/MOH,
167,12,,,"Upgrade 2 Health posts to Health 
Center(HC)",1. Momboshi 2. kasosolo,,,1,1,,"COUNCIL/M
OH",
167,12,,,upgrading of the 3 HCs to mini hospitals,"1. Chisamba RHC 2. Chikonkomene 
3.Malombe",,1,1,1,,"COUNCIL/ 
MOH",
167,12,,,"upgrading of chisamba RHC  to 1st level 
Hospital",1. Chisamba RHC,,,"1 st 
level 
hospit
al",,,"COUNCIL/M
OH",
167,12,,,"upgrading of Liteta Hospital  to 2nd level 
Hospital","Liteta Hospital 
1.",,,,,"2nd 
Leve
l 
Hosp
ital",,
168,13,,,"Construct 1 incinerator per facility 
(25HFs)","1.Liteta Hospital 2.Chisamba RHC 3. 
Malombe RHC 4.Chipembi RHC 
5.Mwapula 6.Momboshi 7. Muswishi 
RHC 8.Chikonkomene 9.M/Agro RHC 
10. Kasosolo HP 11.Lifwambula 
12.kanakantapa 13. Bombwe 14. 
Mwantaya 15. Kaputi 16. Luano 17. 
Kaminembe 18. Chisamba Ranch 19. 
Kachele 20. Kawama 21. Makeni 22. 
Mupamapamo 23. Nalufwi 24. Chowa 
25. HAHC",1,5,5,6,7,Council,
168,13,,"b) 
Medicine
s and 
medical 
supply 
chain 
manage
ment","procure all essential medicines and 
medical supplies",All 24 HFs,"Annu
ally","Annual
ly","Annu
ally","Annu
ally","Ann
ually",ZAMSA/DHO,
168,13,,"c) 
Equipme
nt and 
transport 
procure
ment 
and 
mainten
ance","Procure adequate equipment to meet 
the demand in all 25 health facilities",All 24 HFs,"Ann
ually","Annua
lly","Annu
ally","Annu
ally","Ann
ually",MOH,
168,13,,,"Procure 3  zonal  Basic Ambulances ( 
upgraded cruiser)  and 2 Advanced 
ambulances","1. liteta Hospital 2. Chipembi 
3.chikonkomene","1 
Basic 
Amb
ulan
ce ( 
upgr
aded 
cruis
er)","2 basic 
Ambul
ance ( 
upgra
ded 
cruiser)","2 
Adva
nced 
ambu
lance",,,COUNCIL,
168,13,"The District will enhance 
food and nutrition","a) Scale-
up 
nutrition","Procurement of IEC materials on 
Maternal Infant and Young Child 
Nutrition",All 25 Hfs,"Annu
ally","Annual
ly","Annu
ally","Annu
ally","Ann
ually","DHO/PARTNE
RS",
169,14,,"f) 
Research 
and 
develop
ment",Source finances to conduct research,All 25 Hfs,25,25,25,25,25,"DHO/PARTNE
RS",
169,14,"The District will 
Strengthen integrated 
health information 
systems","b) Health 
informati
on 
manage
ment 
system 
integratio
n","District Registration office to digitise 
database for birth registration",DR Office,1,,,,,"DR 
Office/Coun
cil",
169,14,,,Provide more data collection tools,1. liteta Hospital,"Annu
ally","Annual
ly","Annu
ally","Annu
ally","Ann
ually","MOH/PATRN
ERS",
169,14,,,"Provide 4 computers for smartcare plus 
and Legacy","1. Liteta Hospital (2)  2. Malombe RHC 
(1)  3. Chipembi RHC (1)",,2,2,,,"MOH/PATRN
ERS",
169,14,"DEVELOPMENT OUTCOME 4: REDUCED POVERTY, VULNERABILITY AND INEQUALITIES",,,,,,,,,,
169,14,"OBJECTIVE: to 100% by 
2033",,,,TARGET YEARS,,,,,,
169,14,Strategies,"Program
mes",Sub Program,Location,YR 1,YR 2,YR 3,YR 4,YR 5,Responsible,
169,14,"The District will Reduce 
vulnerability associated 
with HIV and AIDS","a) HIV 
testing 
and 
treatmen
t",Provision of HIV test kits,In all Health Facilities,"Annu
ally","Annual
ly","Annu
ally","Annu
ally","ann
ually","MOH/PARTN
ERS/COUNCI
L",
169,14,,,"Train more psychosocial counsellors (1 
training per year)",In all Health Facilities,1,1,1,1,1,"MOH/PARTN
ERS",
169,14,,,"Maintain 100%  of health facilities 
provision of  adequate and secure 
counselling space",In all Health Facilities,100%,100%,100%,100%,"###
#",DHO/MOH,
169,14,,,"Intensify health promotion messages 
regarding condom use (Conduct 12 
sensitisation meetings per year)",In all 12 wards,12,12,12,12,12,"DHO/COUN
CIL/PARTNER
S",
169,14,,,"Enhance adherence services to PLHIV 
through SBCC (Conduct 12 sensitisation 
meetings per year)",In all Health Facilities,12,12,12,12,12 s,"DHO/PARTNE
RS",
170,15,,,"Construction of 25 Adolescent friendly 
health spaces in all the facilities",In all Health Facilities,1,6,6,6,6,"COUNCIL/PA
RTNERS",
170,15,,"b) 
Stigma 
and 
discrimin
ation 
reductio
n","Hold Community sensitisation meetings 
in 12 wards on the importance of testing 
for HIV",All 12 Wards,12,12,12,12,"12 
sensi
tisati
on 
mee
tings","DHO/COUN
CIL/PARTNER
S",
170,15,,"c) HIV 
and AIDS 
financing","funding increment by central/local 
government",DHO,"Annu
ally","Annual
ly","Annu
ally","Annu
ally","ann
ually","Central 
Government
/COUNCIL",
170,15,,,"Provide adequate transport for HIV/AIDS 
program activities",1.All HFs 2. DHO,"Annu
ally","Annual
ly","Annu
ally","Annu
ally","ann
ually","MOH/PARTN
ERS/COUNCI
L",
170,15,,,"To encourage partners to engage 
district during pre-planning level for 
HIV/AIDS budgets",DHO,"Annu
ally","Annual
ly","Annu
ally","Annu
ally","ann
ually",MOH/PHO,
170,15,"Objective: To reduce poverty, vulnerability and inequalities by 2033",,,,,,,,,,
170,15,Strategies,"Program
mes",Sub Program,Location,YR 1,YR 2,YR 3,YR 4,YR 5,Responsible,
170,15,"Chisamba will improve 
coordination of social 
protection programs","Women 
empowe
rment","Increase the number of women 
participating in the comprehensive 
package of activities under the Support 
Women's Livelihood from 1330 to 3000",All wards,1330,1748,2165,2582,3000,"Community 
developmen
t/ Social 
welfare",
170,15,,"Livelihoo
d and 
empowe
rment 
decentra
lisation","Number of women trained in Life and 
Business Skills and other entrepreneurship 
training programmes increased from 
1483 to 3000",All wards,1483,1863,2242,2621,3000,"Community 
developmen
t, Social 
welfare, 
Council, 
C/Partners",
170,15,,,"Increase the number of women 
accessing micro credit (Village Bank) 
support from 1065 to 1863",All wards,1065,1265,1464,1663,1863,"Community 
developmen
t, Social 
welfare, 
Council, 
C/Partners",
171,16,,,"Provide in kind support to 200 vulnerable 
individuals",All wards,5,55,105,155,200,"Community 
developmen
t, Social 
welfare, 
Council, 
C/Partners",
171,16,,"Public 
Welfare 
Assistanc
e 
Scheme","Empower 4000 women under the Public 
Welfare Assistance Scheme program",All wards,1000,1500,2000,3000,4000,"Community 
developmen
t, Social 
welfare, 
C/Partners",
171,16,,"Disability 
services","Ensuring that all 12 WDCs have 
representation for people with disabilities",All wards,12,12,12,12,12,"Council, 
WDCs",
171,16,,,"Ensuring that all public building 
infrastructure accommodates people 
with special needs",All wards,100%,100%,100%,100%,100%,"Council, 
Department
ment of 
Infrastructure",
171,16,,,"Construction of 5 units for learners with 
Special Education Needs within existing 
schools in 5 zones","(Momboshi, Chisamba, Kabanga, 
Mupelekese and Liteta zones)",,1,1,1,2,MOE,
171,16,,"Sports, 
culture 
and arts 
develop
ment","Support recreation activities in all the 12 
wards through provision of materials",All wards,0,3,3,3,3,"Council, 
Education, 
Health, 
C/Partners",
171,16,,"Self-help 
initiatives 
promotio
n","Support 1600 farmer households 
annually  with food security packs",All wards,1600,1600,1600,1600,1600,"Community 
developmen
t",
171,16,,"Food 
security 
support","1450 households supported with 
Alternative Livelihood Interventions such 
as fish farming, bee keeping etc",All wards,50,350,350,350,350,"Fisheries & 
livestock, 
Community 
developmen
t, Social 
welfare, 
Council, 
C/Partners",
172,17,,,"450 vulnerable households supported 
with goats",All wards,50,100,100,100,100,"Fisheries & 
livestock, 
Community 
developmen
t, Social 
welfare, 
Council, 
C/Partners",
172,17,,,"Support 1000 vulnerable households with 
chickens",All wards,0,250,250,250,250,"Fisheries & 
livestock, 
Community 
developmen
t, Social 
welfare, 
Council, 
C/Partners",
172,17,,"Gender-
based 
violence 
eliminati
on",Sensitise all the 12 wards on GBV,All wards,12,12,12,12,12,"Council, ZP, 
District 
gender 
committee",
172,17,,,"Commemorate the 16 days of gender 
activism every year",All wards,1,1,1,1,1,"Council, ZP, 
District 
gender 
committee",
172,17,,,"Construction of 1 safe home for GBV 
victims",Isolated place in any of the 12 wards,,,,,1,"Council, ZP, 
Community 
developmen
t, District 
gender 
committee",
172,17,,"Child 
protectio
n","represent 100% of children that come in 
conflict with the law in courts by Juvenile 
Inspectors",All wards,100%,100%,100%,100%,100%,"Community 
developmen
t, ZP, 
Judiciary",
172,17,"Chisamba will reduce 
developmental 
inequalities","Gender 
equality","Formulation of 1 district gender 
workplace policy",CBD,,1,,,,"All 
government 
departments
/ C/Partners",
172,17,,,"Conduct 1 sensitisation meeting per 
ward per year on gender issues",All wards,12,12,12,12,12,"Council, 
District",
173,18,,,,,,,,,,"gender 
committee",
173,18,,"Local 
Area 
Plans",Preparation of Layout plans,CBD,1,1,1,1,1,Council,
173,18,,"Rural 
roads 
connecti
vity","645 Kms Main gravel roads graded and 
upgraded In all the 12 wards","ü 35 Kms LITETA WARD (20 kms T2 to 
Lwamabwe via Malombe and 15kms 
T2 to Nalufwi via Chankumba) 
ü 56 Kms CHISAMBA WARD- 20km 
township roads, 7 Kms T2 to 
Mupamapamo, 10kms old Boma to 
fisher, 19kms T2 to Kamaila). 
ü 46 Kms KAMANO WARD (Chipwende 
to Nankunko via Kamano and Mbozi 
Farm) 
ü 44 kms CHAMUKA WARD (12kms fig 
tree to chipembi, 8kms Chipembi to 
Kaputi, 9kms Chipembi to Moombe, 
9kms 4 Ways to Kalaswa road, 6kms 
Nsesha to Moombe road) 
ü 58 Kms MONANG’OMBE WARD (20 
Kms Sichombola stream to Kalwelwe 
via Monang’ombe, 18Kms Kamulobwe 
to Kalwelwe and 20Kms Lwamabwe to 
Chikonkomene market via Miyanda 
sch) 
ü 52 Kms MUTENGA WARD (30Kms 
Shamakulika to pa Lungu via 
Mufunda, Munyama SDA AND 
Mweemba school. 22kms Kwa desi to 
Chikonkomene market via malakata, 
pa Friday, chaila ziyende and 
kachenje) 
ü 106 Kms MWAPULA WARD (35kms 
Chipilepile ruute from Munano road, 
20kms Kachangwa route from 
chipilepile junction, 10kms Mwapula to 
Luyando, 11kms Kachangwa to 
Kanakantapa, 8 kms Chipilepile to 
Kanakantapa, 9kms Mwapula to",91,148,158,152,96,"RDA, Council",
174,19,,,,"Kaminembe, 9kms Kaminembe to 
Nyankanga, 4kms Nyankanga to 4 
ways) 
ü 98 Kms MUSWISHI WARD (36Kms 
Kabwe to Kasosolo, 18Kms Katuba to 
Chikuse, 8Kms 16miles to mututu, 6Kms 
Mututu to 18 miles, 25kms Kafulamasi 
road and 5kms Cool corner to 
Chikuse) 
ü 54 Kms MULUNGUSHI WARD (26Kms 
Kalusenga to 27 miles, 6 Kms 
Mulungushi agro to Munema, 5 Kms 
Mulungushi Agro to Masiye, 12 Kms 
Lombwa road and 5 Kms Chipaba 
road) 
ü 32 Kms CHIKONKOMENE WARD 
(22Kms Chipandaike road and 10Kms 
Mingochi Matubila) 
ü 23 Km MWANTAYA WARD (23Kms 
HRH Chamuka’s palace to Nsungula 
village) 
ü 41 Kms MISWA WARD (18Kms 
Nkongolo road & 23 Kms T2 to 
Chisamba ranch)",,,,,,,
174,19,,,"Upgrade three main roads-96KMs (63 
KMs, 32 KMs and 101 KMs) to bituminous 
standard. Note (30Km of the 101 already 
being upgraded under Luvias 
investment (contractor)","Chisamba- Kasavasa- KabweZNS 
Road (63KM), Kalangwa- Ngwere road 
(32KMs) and the Chisamba-Chipembi-
Kabwe road (101Kms)",35,40,40,40,41,"RDA, Council",
174,19,,,"36 Bridges and culverts installed in 5 
wards and other wards during road 
construction works","ü MONANG’OMBE WARD 
(Sichombola, Kapata, Lwamabwe, 
Miyanda, Masakasaka, Newton, 
Monang’ombe, Chiko, Lupani, Shikita, 
Kalwelwe) 
ü MULUNGUSHI WARD (Muswishi Agro, 
Kasamba, Masiye, Lombwa) 
ü MWAPULA WARD (Mwapula-
Muntemba, Kaminembe, 
Matubafyulu, Nyankole-foot, 
Nyankanga-foot) 
ü MWANTAYA WARD (Katuba,",11,4,5,7,9,"RDA, Council",
175,20,,,,"Champande) 
ü MUTENGA WARD (Shamakulika, 
Chibwalubwalu, Kachenje, Mufunda, 
Chaila ziyende, Pa Monga, Pa Morris, 
Pa Friday, Pa Salachi, Pa Emelia, 
Munyama stream, Pa Mpofu, Kanyoko, 
Pa Luka.",,,,,,,
175,20,,,"Open up 20kms of drainages in 
Chisamba township",Chisamba township,13,7,,,,Council,
175,20,,"Rural 
Industriali
zation","Produce one district investment profile to 
showcase the investment potential of 
the district so as to use it to attract 
investment ijn the district",CBD,1,,,,,"All 
government 
departments",
175,20,,"Rural 
Electrific
ation","Sign 1 MOU with the Rural Electrification 
Authority for the connection of power to 
all 12 wards",CBD,1,,,,,"REA, Council, 
CDFC",
175,20,,,Connect 33 schools to electricity,"Chabusha A PS, Chankumba PS, 
Chikuse PS, Chisamba day SS, Chowa 
SS, Chowa PS, Chipilepile PS, Kabanga 
PS, Kabakombo PS, Kachangwa PS, 
Kalimina PS, Kangwa PS, Kalwelwe PS, 
Kaminembe PS, Kamulobwe PS, 
Kasosolo PS, Kanakantapa PS, 
Kasosolo SS, Kasamba PS, Kawama PS, 
Little Canada PS, Lombwa PS, Lukoshi 
PS, Momboshi PS, Moombe PS, 
Mufunda PS, Mulungushi west PS, 
Mupamapamo day SS, Muswishi PS, 
Muswishi Agro PS, Mwantaya PS, 
Mweemba PS, Nyankanga PS,",1,8,8,8,8,,
175,20,,,Connect 14 Health facilities to electricity,"Chikonkomene, Kasosolo, Kawama, 
Kachele, Kanakantapa, Mwantaya, 
Makeni, Mupamapamo, Chowa, 
Kaputi, Nalufwi, Kaminembe, Luano, 
Chisamba Ranch",,4,3,3,4,,
175,20,,"Youth 
entrepre
neurship 
and 
vocation","Support 1750 youths under the CDF skills 
development bursary",All wards,350,350,350,350,350,Council,
176,21,,"al skills 
training",,,,,,,,,
176,21,"Chisamba will increase 
access to decent and 
affordable housing","Settleme
nt 
improve
ment",Upgrade 5 unplanned settlements,"Chawama, Location, Kabanana, 
Zimbabwe and Railways compound",0,1,2,1,1,"Council, 
Provincial 
Planning 
Unit, MOL",
176,21,,,"Ensure that 75% of new buildings meet 
the required building standards",Township,,75%,75%,75%,75%,Council,
176,21,Objective: To improve the water supply and sanitation in the district,,,,,,,,,,
176,21,"Chisamba will improve 
access to clean and 
safe water","Infrastruc
ture 
develop
ment","Drill and equip 60 boreholes in all wards 
(5 per ward)",All wards,,15,15,15,15,"Council, 
MWDS",
176,21,,,"Increase the percentage of public 
institutions with water schemes from 
below 10% to 75 % by end of 2033",All public institutions,10%,20%,30%,50%,75%,"Council, 
MWDS",
176,21,,,Operationalize 1 SOMAP shop,Council office,1,,,,,"Council, 
MWDS",
176,21,,,"Increase the number of kiosks at the 
chisamba CBD from the current 4 to 6 
(Construct 2 more)",Chisamba CBD,,,1,1,,"Council, 
MWDS, 
Lukanga 
water",
176,21,,,Rehabilitate 300 boreholes,All wards,50,50,50,50,50,"Council, 
MWDS",
176,21,,,"increase the number of households 
connected to Lukanga water supply 
from  445 to 1445",Chisamba CBD,,250,250,250,250,"Council, 
MWDS, 
Lukanga 
water",
176,21,,,"Train 24 Area Pump Menders (APMS)- 2 
per ward",12 wards,,24,,,,"Council, 
MWDS, 
C/Partners",
176,21,,"Water 
quality 
monitorin
g.","Conduct quarterly testing of water 
samples",All wards,4,4,4,4,4,"Health, 
Council, 
MWDS",
176,21,"Chisamba will ensure 
improved sanitation 
services by 2033","Solid 
waste 
manage
ment","Improve solid waste management by 
mechanising the two existing dumpsites",Liteta and Nkongolo,1,,1,,,"Council, 
MWDS",
176,21,,,"Open up one more dump site along the 
chipembi, chamuka to kabwe route","Chikonkomene ward near Chisamba 
boarding",,,,1,,"Council, 
MWDS",
177,22,,,Construct 5 more refuse bays,"Chikonkomene market near 
Mwomboshi, Chipwende, Chipembi, 
Chamuka and at the checkpoint",,1,,2,2,"Council, 
MWDS",
177,22,,,"Construction of 25 incinerators at all 
health facilities (including the new ones 
under construction)",All health facilities,,6,6,6,7,"Health, 
Council",
177,22,,"Sanitatio
n and 
hygiene 
promotio
n","Development of 1 water and 1 waste 
management systems",CDB,,1,1,,,"Council, 
MWDS",
177,22,ENVIRONMENTAL SUSTAINABILITY,,,,,,,,,,
177,22,Objective 1: Enhance Mitigation and Adaptation to Climate Change,,,,,,,,,,
177,22,Strategies,"Program
me",Sub Program,Location,YR 1,YR 2,YR 3,YR 4,YR 5,Responsible,
177,22,"Chisamba will 
strengthen climate 
change adaptation","Climate 
change 
mainstre
aming","Ensure that 100% of programs and 
projects mainstream climate change",All wards,100%,100%,100%,100%,100%,"All 
stakeholders",
177,22,"Chisamba will 
strengthen climate 
change mitigation","Sustaina
ble forest 
manage
ment","Reduce annual deforestation rate from 
70% to 40%",Chisamba,64%,58%,52%,46%,40%,"Forestry, C/ 
Partners, 
Traditional 
leaders",
177,22,"Chisamba will enhance 
disaster risk reduction 
and response","Climate 
informati
on 
services",Install 8 rain gauges,"Kanakantapa, Chankumba, 
Chipembi, Muswishi",,,,,,,
177,22,,"Disaster 
prepared
ness and 
mitigatio
n","Prepare one District Disaster 
Preparedness and Mitigation plan",CBD,1,,,,,"District 
DMMU",
177,22,,"Disaster 
response 
and 
recovery",,,,,,,,,
177,22,Objective 2: To promote sustainable environment and natural resources management,,,,,,,,,,
177,22,"Chisamba will promote 
integrated","Pollution 
preventio","Conduct quarterly public education and 
awareness campaigns","Densely populated areas and 
selected industries",4,4,4,4,4,Council,
178,23,"environmental 
management","n and 
control","Conduct quarterly inspections to monitor 
adherence","Densely populated areas and 
selected industries",4,4,4,4,4,Council,
178,23,,,"Review and provide feedback on all 
EPBs received from ZEMA (100%)",Chisamba CBD,100%,100%,100%,100%,100%,"Council/ 
ZEMA",
178,23,,"Environm
ental 
complian
ce 
tracking","Conduct quarterly inspections to monitor 
adherence","Densely populated areas and 
selected industries",4,4,4,4,4,Council,
178,23,,,"Conduct quarterly enforcements for non 
compliant individuals or businesses","Densely populated areas and 
selected industries",4,4,4,4,4,Council,
178,23,,"Urban 
and 
regional 
planning",,,,,,,,,
178,23,"Chisamba will enhance 
natural resources 
management","Sustaina
ble land 
and 
forest 
manage
ment","Designate 22 hectares of forests as 
Community Forest Management Areas",Kizito (Muswishi ward),22,50,50,50,50,Forestry,
178,23,,,"Conduct afforestation and reforestation 
by planting 20 hectares of forest",Chamuka chiefdom,4,4,4,4,4,Forestry,
178,23,,,"Lobby for the employment of 6 more 
officers under forestry including 3 forest 
rangers",,1,1,1,1,1,Forestry,
178,23,,"Sustaina
ble 
wildlife 
and 
fisheries 
manage
ment",Set up an office for wildlife officers,,,1,,,,"Parks and 
wildlife",
178,23,,"Commun
ity based 
natural 
resources 
manage
ment","Partners and forestry departments to 
form Community Forest Management 
groups to manage forests and other 
biodiversity",Chamuka chiefdom,,4,,,,"Forestry and 
C/ Partners",
178,23,GOOD GOVERNANCE ENVIRONMENT,,,,,,,,,,
178,23,Objective 1: To ensure the decentralisation  of Public Service System Delivery,,,,,,,,,,
178,23,Strategies,"Program
mes",Sub Program,Location,YR 1,YR 2,YR 3,YR 4,YR 5,Responsible,
179,24,"Chisamba will ensure 
decentralisation of 
public service system 
delivery by 2033","Sector 
Decentra
lisation","Digitisation of revenue collection systems 
in all government units that collect 
revenue by creating 1 system","All government departments that 
collect revenue",,"1 
digitise
d 
system",,,,"Council, 
District 
Administratio
n",
179,24,,,"Increase local revenue by 20% annually 
through recruiting qualified revenue 
collectors, training revenue collectors, 
increasing spot checks, Keeping and 
updating the revenue database etc",Council,20%,20%,20%,20%,20%,"Council 
C/Partners",
179,24,,,"Enhancing inclusive participation in 
decision making and socio-economic 
development through formation of 12 
WDCS",12 WDCs,,,,"12 
WDCs 
forme
d",,"Council, 
Other 
government 
departments
, Partners",
179,24,,,"Enhancing inclusive participation in 
decision making and socio-economic 
development through continuous 
capacity building of the 12 WDCS",12 WDCs,"12 
WDC
s 
capa
city 
built","12 
WDCs 
capaci
ty built","12 
WDCs 
capa
city 
built","12 
WDCs 
capa
city 
built","12 
WD
Cs 
cap
acity 
built","Council, 
Other 
government 
departments
, Partners",
179,24,,"Capacity 
Develop
ment","Establishing advocacy platforms by 
constructing and operationalising 1 
radio station",Chisamba old boma,,"1 radio 
station",,,,"Radio station 
task force, 
C/partners",
179,24,"Chisamba will ensure 
strengthened 
transparency and 
accountability 
mechanisms","Civic 
educatio
n","Promotion of awareness and sensitisation 
through the production of 780 Television 
(TV) and Radio Documentaries as well as 
Television News Packages on 
government programmes and projects",All 12 wards,"156 
docu
ment
aries/ 
news 
pack
ages","157 
docum
entarie
s/ news 
packa
ges","158 
docu
ment
aries/ 
news 
pack
ages","159 
docu
ment
aries/ 
news 
pack
ages","160 
doc
ume
ntari
es/ 
news 
pac
kag
es","ZANIS, All 
government 
departments
, C/partners",
179,24,,,"Raise awareness of crime by conducting 
40 community sensitisation meetings/ 
programs",12 Wards,"8 
meet
ings/
progr
ams","9 
meetin
gs/pro
grams","10 
meeti
ngs/p
rogra
ms","11 
meeti
ngs/p
rogra
ms","12 
mee
tings
/pro
gra
ms","Zambia 
Police",
180,25,,"Audit 
and Risk 
manage
ment","Establishment of 1 integrity committee in 
the district",CDB,,"1 
integrit
y 
commi
ttee",,,,"Council, 
District 
Administratio
n, ACC",
180,25,"Chisamba will 
strengthen public 
service  performance 
management systems","P
erforma
nce 
Manage
ment 
System","Development of 1 service charter for the 
Local Authority",Council,,"1 
service 
charter",,,,Council,
180,25,"Objective:  To Improve the rule of Law, Human Rights and Constitutionalism",,,,,,,,,,
180,25,"Chisamba will 
strengthen the criminal 
and justice system and 
enhance the rule of law","Infrastruc
ture 
Develop
ment","Construction and operationalisation of 2 
courts (one local and one subordinate) 
CDB",CBD,,,"1 
Court",,"1 
Cour
t",Judiciary,
180,25,,,Rehabilitate 1 local court,Chamuka,,1,,,,Judiciary,
180,25,,,Construction of 3 police posts,"Momboshi- Mutenga ward, 
Mupelekese- Mwapula ward and at 
Kapani- Chikonkomene ward.",,"1 
Police 
post",,"1 
Police 
post","1 
Polic
e 
post","Zambia 
Police",
180,26,ECONOMIC TRANSFORMATION AND JOB CREATION,,,,,,,,,,
180,26,Objective: To become an industrialised and diversified district by 2033,,,,,,,,,,
180,26,Strategies,Programmes,Sub Program,Output,"COSTS 
YR 1","COST
S YR 2","COSTS 
YR 3","COSTS 
YR 4","COSTS 
YR 5","TOTAL 
COST","PROPOSED SOURCE 
OF FUNDS"
180,26,"Chisamba will 
Improve Agricultural 
Production and 
Productivity","a)Infrastructure 
Development","Construction of 5 staff 
houses for agricultural 
extension officers (2 for 
block officers and 3 for 
camp officers)","5 agricultural staff 
houses constructed",,"50000
0",1000000,500000,500000,"250000
0","MOA/ COUNCIL/ 
PARTNERS"
180,26,,,"Rehabilitation of  5 camp 
houses for agricultural 
extension officers","5 Agricultural staff 
houses rehabilitated",,"25000
0",250000,250000,500000,"125000
0","MOA/ COUNCIL/ 
PARTNERS"
180,26,,,"Construction of  7 
Veterinary camp houses","7 veterinary staff 
houses constructed",,"50000
0",1000000,"100000
0",1000000,"350000
0","MFL/ COUNCIL/ 
PARTNERS"
181,27,,,"Rehabilitation of 5 
veterinary camp houses","5 Veterinary houses 
rehabilitated",,"50000
0",250000,250000,250000,"125000
0","MFL/ COUNCIL/ 
PARTNERS"
181,27,,,"Construction of 2 livestock 
service centers","2 livestock centres 
constructed",,"30000
0",,300000,,600000,MFL
181,27,,,"Construction of Animal 
Health Infrastructure( 16 
Dip tanks)","1 dip tanks 
constructed",,"84000
0",840000,840000,840000,"336000
0","MFL/ COUNCIL/ 
PARTNERS"
181,27,,,"Construction of 1 livestock 
breeding center","1 livestock breeding 
centre constructed",,,250000,,,250000,MFL
181,27,,,"Construction of 1 
Livestock market center","1 livestock market 
centre constructed",,"30000
0",,,,300000,MLF
181,27,,,"Construction of 2 
Slaughter facilities","2 slaughter facilities 
constructed",,,200000,,200000,400000,LA/MFL
181,27,,,"Construction of 3 storage 
sheds","3 storage sheds 
constructed",,,1000000,"100000
0",1000000,"300000
0",MOA
181,27,,,"Construction of a 
fingerling production 
centre","1 fingerling 
production centre 
constructed",,,350000,,,350000,MFL
181,27,,,"Construction of fish feed 
production centre","1 fish feed 
production centre 
constructed",,,,,500000,500000,MFL
181,27,,"b)Agricultural 
mechanisation","Increase access to 
mechanisation by farmers 
by linking farmers to 
partners such as 
equipment suppliers","Area under 
smallholder 
mechanised farming 
increased to 475 Ha",50000,50000,50000,50000,50000,250000,"MOA, PARTNERS"
181,27,,"c)Enhanced 
farmer support","Provision of Farmer Input 
Support to farmers under 
the FISP to 16415","Input support under 
FISP provided to 
16415 farmers",60000,60000,60000,60000,60000,300000,MOA
181,27,,"e) Agribusiness 
development","Conduct 30 sensitization 
meetings on agricultural 
marketing system","30 sensitisation 
meetings on 
agricultural 
marketing systems 
conducted",15000,15000,15000,15000,15000,75000,MOA
181,27,,,"Conduct 5 sensitisation 
meetings to promote  
Animal Identification 
registration-Brand Mark","5 sensitisation 
meetings to 
promote  Animal 
Identification",15000,,,,,15000,MFL
182,28,,,,"registration-Brand 
Mark conducted",,,,,,,
182,28,,,"Training of 1506 Livestock 
farmers in livestock 
farming as a business","1506 Livestock 
farmers trained  in 
livestock farming as 
a business",,4000,4000,4000,,12000,MFL
182,28,,,"Training of 20 individual 
fish farmers and 4 
cooperatives in fish 
farming as a business","20 individual fish 
farmers and 4 
cooperatives 
trained in fish 
farming as a 
business",1000,2000,,,,3000,MFL
182,28,,,"Establishment of 3 value 
chains while 
strengthening existing 
ones","3 value chains 
established",,"15000
0",15000,150000,,315000,MOA/ MFL
182,28,,,"Establishment of one Agro 
processing plant","1 agro processing 
plant established",,,,"300000
000",,"300000
000",MOA
182,28,,,"Increase access to credit 
facilities","2000 farmers have 
access to credit 
facilities through 
sensitisation",15000,15000,15000,15000,15000,75000,MOA
182,28,,"f) Irrigation 
development",Construction of 3 dams,3 dams constructed,,,"14,000,0
00","14,000,
000","14,000,0
00","420000
00","MOA, MWDS"
182,28,,,Construction of 10 weirs,10 weirs constructed,140000,,20000,20000,20000,200000,"MOA, C/PARTNERS"
182,28,,"g) Fisheries and 
aquaculture 
development","Enhance the participation 
of youth groups in 
aquaculture by linking 3 
groups per year to CDF 
grants","3 aquaculture youth 
groups linked to CDF 
per year",,,,,500,500,MFL/ COUNCIL
182,28,,,"Conduct 2 assessments of 
Fishery areas for breeding","2 assessments of 
fishery areas for 
breeding 
conducted",,5000,5000,,,10000,MFL
183,29,,"i) Livestock 
development","To enhance Animal 
disease prevention and 
control by vaccinating at 
least 50,000 cattle against 
FMD yearly","5000 cattle 
vaccinated against 
FMD per year",80000,80000,80000,80000,80000,400000,MFL
183,29,,,"To enhance Animal 
disease prevention and 
control by vaccinating at 
least 2000 calves against 
ECF yearly","2000 calves 
vaccinated against 
ECF yearly",50000,50000,50000,50000,50000,250000,MFL
183,29,,,"Conduct 5 sensitisation 
meetings to promote  
Animal Identification 
registration-Brand Mark","5 sensitisation 
meetings to 
promote  Animal 
Identification 
registration-Brand 
Mark conducted",15000,,,,,15000,MFL
183,29,,"j) Extension 
services support","Increase the number of 
agricultural camps from 
the current 16 to 25 
(Create 9 more by 
subdividing the existing 
camps)","9 more agriculture 
camps created",20000,,,,,20000,MOA
183,29,,,"Create 2 more camps to 
Increase the number of 
Veterinary camps from 
the current 5 to 7 (2 more 
created by subdividing 
the existing camps)","2 more veterinary 
camps created",,10000,,,,10000,MFL
183,29,,,"Increase the number of 
extension workers in the 
camps by employing 6 
agricultural extension staff 
in addition to the current 
19","6 more agricultural 
extension officers 
employed",,10000,10000,10000,,30000,MOA
183,29,,,"Employ 7 more extension 
staff under fisheries and 
livestock","7 more veterinary 
extension officers 
employed",,2000,2000,,,4000,MFL
183,29,,,"Procurement of 35 
motorbikes for agricultural 
and veterinary camp 
officers","35 motorbikes for 
agricultural and 
veterinary camp 
officers procured",,"650,00
0","1,300,00
0","1,300,0
00","1,300,00
0","455000
0",MOA/ MFL
